res,occ
75,kindermeid
75,kindermeid
qualitative,keukenmeid
ƒloo,boekhandelaar
ƒloo,meid
no wage indication,keukenmeid
100,huiswerk
100,fetuigen
ƒ2,schoonmaakster
no wage indication,grossier
no wage indication,dienstbode
qualitative,dienstbode
ƒl5o,keukenmeid
qualitative,dienstbode
no wage indication,apotheek
duizend,gezel
no wage indication,commissionair
90,volontair
qualitative,steendrukkerij
ƒ95,boekhandelaar
90,huiswerk
qualitative,steendrukkerij
no wage indication,werkster
no wage indication,gezel
hondertwintig,makelaars
hondertwintig,dienstbode
no wage indication,winkelier
no wage indication,dienstbode
5,oppasser
qualitative,werkmeid
ƒloo,keukenmeid
ƒloo,huiswerk
100,boekhandelaar
100,brouwer
100,leerling
100,keukenmeid
100,boekhandelaar
100,boekhandelaar
100,koper
100,heer
ƒloo,reiziger
ƒloo,keukenmeid
ƒloo,huiswerk
ƒloo,reiziger
90,dienstbode
90,huiswerk
qualitative,conservator
qualitative,leiden
no wage indication,opzichter
no wage indication,boekhandelaar
100,heer
100,heer
no wage indication,burgemeester
ƒl3o,dienstbode
qualitative,boekhandelaar
qualitative,dienstbode
100,meid
qualitative,boekhandelaar
qualitative,boekhandelaar
qualitative,boekhandelaar
qualitative,boekhandelaar
qualitative,hoofd
qualitative,dienstbode
qualitative,dienstbode
no wage indication,noodhulp
qualitative,kindermeid
3,werkmeid
3,barbiersbediende
3,dienst
no wage indication,boekhandelaar
no wage indication,dienstbode
no wage indication,noodhulp
no wage indication,noodhulp
no wage indication,makelaar
qualitative,boekhandelaar
qualitative,papierhandelaar
qualitative,winkelbediende
qualitative,papierhandelaar
qualitative,kunsthandelaar
qualitative,dienstbode
qualitative,dienstbode
no wage indication,referentie
ƒl3o,keukenmeid
qualitative,keukenmeid
qualitative,werkmeid
100,keukenmeid
qualitative,hoofdonderwijzer
qualitative,keukenmeid
qualitative,werkmeid
qualitative,keukenmeid
qualitative,werkmeid
no wage indication,boekhandelaar
100,meid
qualitative,boekhandelaar
qualitative,keukenmeid
3,administratie
qualitative,werkmeid
130,linnenmeid
130,linnenmeid
qualitative,kindermeid
qualitative,keukenmeid
qualitative,meid
qualitative,werkmeid
qualitative,werkmeid
qualitative,kamer
1,huiswerk
80,dienstbode
no wage indication,hooger
no wage indication,maar
qualitative,keukenmeid
qualitative,meid
qualitative,werkmeid
no wage indication,leerling
ioo,dienstbode
ƒ9o,dienst
100,keukenmeid
100,werkmeid
150,buffetjuffrouw
150,dienst
150,keukenmeid
150,keukenmeid
150,keukenmeid
no wage indication,hooger
no wage indication,keukenmeid
qualitative,uiswerk
qualitative,grossier
150,keukenmeid
250,loopjongen
100,keukenmeid
100,huiswerk
ƒ,kunsthandelaar
90,werkster
negen,knecht
negen,knecht
no wage indication,hooger
qualitative,modiste
qualitative,modiste
no wage indication,maar
no wage indication,dienstbode
100,boekhandelaar
100,werkmeid
ƒ,meid
qualitative,dienstbode
qualitative,koster
qualitative,werkmeid
100,dienstbode
no wage indication,knecht
no wage indication,dienstbode
no wage indication,meid
no wage indication,architect
no wage indication,werker
no wage indication,hooger
no wage indication,expediteur
150,hoofd
150,keukenmeid
150,keukenmeid
m5l,confectie
m5l,keukenmeid
m5l,boekhandelaar
m5l,boekhandelaar
120,keukenmeid
qualitative,juwelier
no wage indication,boekhandelaar
no wage indication,bediende
qualitative,buffetjuffrouw
no wage indication,dienst
90,besteedster
ƒ,werkmeid
ƒ,werkmeid
150,boekhandelaar
150,keukenmeid
150,boekhandelaar
120,keukenmeid
ƒ,dienstbode
ƒ,dienst
ƒ,schrijver
no wage indication,meid
no wage indication,dienstbode
ƒ95,keukenmeid
qualitative,werkmeid
no wage indication,barbiersbediende
100,boekhandelaar
100,huiswerk
qualitative,boekhandelaar
ƒ9o,dienstbode
ƒ9o,huiswerk
ƒ9o,keukenmeid
ƒ9o,huiswerk
qualitative,expediteur
90,dienst
qualitative,keukenmeid
no wage indication,onderwijzer
ƒ9o,dienst
ƒ9o,dienstbode
80,dienstbode
ƒloo,boekhandelaar
80,dienstbode
ƒloo,boekhandelaar
80,dienstbode
ƒloo,boekhandelaar
ƒloo,boekhandelaar
honderd,bierhandelaar
honderd,dienstbode
no wage indication,heer
no wage indication,commissaris
100,keukenmeid
ƒloo,dienstbode
qualitative,dienstbode
no wage indication,dienstbode
qualitative,keukenmeid
qualitative,huiswerk
no wage indication,barbiersbediende
ƒl5o,keukenmeid
qualitative,getuig
11380,beeldhouwers
11380,kruideniersbediende
100,keukenmeid
100,huiswerk
no wage indication,huiswerk
100,dienstbode
no wage indication,makelaar
ƒloo,dienstbode
no wage indication,kamer
no wage indication,dienstbode
no wage indication,bonne
no wage indication,dienstbode
90,keukenmeid
no wage indication,dienstbode
no wage indication,kelder
no wage indication,dienstbode
no wage indication,dienstmeid
no wage indication,bediende
no wage indication,keukenmeid
no wage indication,werkmeid
100,compagnon
100,dienstbode
ƒ,metselaar
ƒ,makelaar
150,dienst
150,dienstbode
no wage indication,juffrouw
ƒbo,dienstbode
ƒbo,dienstbode
ƒbo,schoonmaakster
100,keukenmeid
100,huiswerk
qualitative,boekhandelaar
qualitative,meid
qualitative,dienstbode
ƒl4o,jongen
ƒl4o,keukenmeid
ƒbo,meid
ƒbo,dienstbode
7,kruideniers
no wage indication,jongen
14038,meid
14038,hoofd
qualitative,keukenmeid
120,boekliandelaar
no wage indication,stoker
no wage indication,leiden
no wage indication,schilders
no wage indication,meesterknecht
no wage indication,schilders
qualitative,uitgevers
qualitative,dienst
qualitative,meesterknecht
qualitative,meesterknecht
ƒ6,knecht
ƒ6,dienst
16234,administratio
16234,model
qualitative,meesterknecht
qualitative,werkmeid
qualitative,werkmeid
qualitative,keukenmeid
no wage indication,werkmeid
no wage indication,heer
qualitative,leiden
no wage indication,baas
qualitative,bediende
35,rappersbediende
35,stukadoor
no wage indication,leiden
qualitative,loodbrander
no wage indication,dienstbode
no wage indication,noodhulp
no wage indication,bediende
qualitative,noodhulp
no wage indication,jongens
90,schoonmaakster
90,dienstbode
00,huiswerk
no wage indication,commissaris
no wage indication,secretaris
no wage indication,burgemeester
no wage indication,burgemeester
no wage indication,secretaris
qualitative,boekhandelaar
qualitative,dienst
qualitative,boekhandelaar
qualitative,diende
qualitative,meid
qualitative,huiswerk
110,makelaar
110,dienstbode
110,dienstbode
110,naaister
qualitative,heer
qualitative,bediende
qualitative,werker
90,heer
90,drogist
90,dienstbode
90,dienstbode
qualitative,werksters
90,dienstbode
qualitative,huiswerk
no wage indication,werkman
qualitative,baas
qualitative,koper
no wage indication,winkelier
no wage indication,hoofd
vier,dienst
qualitative,keukenmeid
no wage indication,boekhandelaar
no wage indication,boekhandelaar
no wage indication,boekhandelaar
100,keukenmeid
100,huiswerk
qualitative,buffetjuffrouw
no wage indication,heer
no wage indication,advocaat
no wage indication,procureur
no wage indication,curator
no wage indication,procureur
no wage indication,deurwaarder
no wage indication,heer
no wage indication,procureur
no wage indication,kamer
no wage indication,broeder
no wage indication,deurwaarder
no wage indication,procureur
no wage indication,leiden
20459,coiffeur
no wage indication,heer
no wage indication,leiden
no wage indication,leiden
no wage indication,deventer
no wage indication,deventer
no wage indication,deventer
100,huiswerk
qualitative,schilders
qualitative,aannemer
ƒ7o,confectie
qualitative,timmerman
qualitative,aannemer
qualitative,blikslagers
qualitative,fabrikant
100,keukenmeid
no wage indication,keukenmeid
no wage indication,huiswerk
no wage indication,banketbakkerij
qualitative,zolder
100,keukenmeid
100,boekhandelaar
100,keukenmeid
100,meid
qualitative,steendrukkerij
of,diamantsnijder
qualitative,letterzetters
no wage indication,brugman
no wage indication,boekhandelaar
no wage indication,boekhandelaar
100,huiswerk
25,secretarie
no wage indication,administratie
no wage indication,coiffeursbediende
qualitative,stoffeerder
no wage indication,confectie
no wage indication,boekhandelaar
no wage indication,juffrouw
no wage indication,boekhandelaar
no wage indication,juffrouw
no wage indication,boekhandelaar
no wage indication,boekhandelaar
no wage indication,boekhandelaar
no wage indication,boekhandelaar
qualitative,bediende
qualitative,huiswerk
qualitative,dienstbode
no wage indication,huiswerk
100,confectie
100,bookhandelaar
100,huiswerk
qualitative,dienstbode
no wage indication,boekhandelaar
100,keukenmeid
100,huiswerk
no wage indication,kindermeid
qualitative,dienstbode
qualitative,keukenmeid
qualitative,huiswerk
ƒ,werkmeid
120,dienstbode
120,dienst
qualitative,juffrouw
qualitative,directrice
qualitative,juffrouw
100,dienst
qualitative,juffrouw
ƒ,boekhandelaar
ƒ,boekhandelaar
ƒ,boekhandelaar
100,dienstbode
100,meid
100,schoonmaakster
no wage indication,dienstbode
no wage indication,schoonmaakster
no wage indication,dienstbode
10,papierhandelaar
ƒ9o,dienstbode
ƒ9o,confectiebediende
no wage indication,boekhandelaar
no wage indication,boekhandelaar
no wage indication,boekhandelaar
no wage indication,boekhandelaar
qualitative,zuiveraars
qualitative,zuiveraars
qualitative,keukenmeid
90,dienst
90,noodhulp
90,hulp
no wage indication,drukker
no wage indication,werkmeid
ƒl2o,dienstbode
ƒl2o,dienst
ƒl2o,dienstbode
no wage indication,boekhandelaar
no wage indication,burgerdienstbode
759,keukenmeid
no wage indication,boekhandelaar
of,grossiers
no wage indication,dienstbode
qualitative,kelder
qualitative,zolder
no wage indication,dienst
no wage indication,werkmeid
qualitative,zager
ƒbo,dienstbode
ƒbo,meid
qualitative,werkmeid
qualitative,zager
no wage indication,hofleverancier
100,boekhouden
100,werkmeid
acht,knecht
qualitative,keukenmeid
no wage indication,letterzetter
101,makelaar
no wage indication,letterzetter
no wage indication,directeur
ƒbo,dienstbode
125,kruideniers
125,bediende
125,koster
125,dienstbode
f,dienst
no wage indication,koster
no wage indication,schipper
no wage indication,leiden
100,dienst
100,dienstbode
no wage indication,dienstbode
550,klerk
qualitative,werkmeid
qualitative,dienst
no wage indication,dienstbode
no wage indication,boekhandelaar
no wage indication,boekhandelaar
ƒ,kamer
100,dienst
100,dienstbode
100,dienst
no wage indication,dienst
no wage indication,getnigen
qualitative,steenscherper
qualitative,werkmeid
no wage indication,advocaat
no wage indication,barbiersbediende
3,jongen
3,jongen
90,dienstbode
ƒl2,dienst
ƒl2,retouche
12,agent
12,dienst
12,retouche
no wage indication,smid
qualitative,barbiersbediende
qualitative,kok
no wage indication,schilders
125,dienstbode
no wage indication,linieerder
no wage indication,dienstbode
no wage indication,kindermeisje
no wage indication,dienstbode
no wage indication,dienstbode
no wage indication,dienstbode
125,dienst
125,keukenmeid
125,werkmeid
110,dienstbode
qualitative,heer
qualitative,huiswerk
qualitative,makelaar
qualitative,dienstbode
qualitative,zolder
qualitative,werkmeid
qualitative,getuigeu
100,huiswerk
150s,zolders
150s,dienst
150s,bode
qualitative,zomer
qualitative,keukenmeid
qualitative,huiswerk
no wage indication,steendrukkerij
qualitative,chef
qualitative,chef
qualitative,chef
no wage indication,gouvernante
no wage indication,keukenmeid
no wage indication,dienstbode
no wage indication,boekhandelaar
no wage indication,commissaris
no wage indication,secretaris
100,notaris
100,burgerdienstbode
no wage indication,keukenmeid
no wage indication,huiswerk
no wage indication,werkmeid
qualitative,dienstbode
ƒ9o,dienstbode
ƒ9o,huiswerk
qualitative,onderofficier
qualitative,onderofficier
no wage indication,dienst
no wage indication,sleper
100,hoer
100,keukenmeid
100,meid
no wage indication,kraamvrouw
no wage indication,meid
90,dienstbode
90,meid
70,dienstbode
ƒ,handelsagent
100,burgerdienstbode
no wage indication,dienstbode
no wage indication,dienstbode
no wage indication,werkmeid
200,heer
100,meid
100,dienstbode
ƒ9o,uitgever
ƒ9o,dienstbode
no wage indication,dienstbode
no wage indication,schoonmaakster
no wage indication,juffrouw
qualitative,boekhandelaar
qualitative,dienstbode
ƒ150,juffrouw
ƒ150,dienstbode
ƒ150,meid
no wage indication,keukenmeid
38427,meid
38427,studenten
38427,keukenmeid
qualitative,boekhandelaar
qualitative,boekhandelaar
no wage indication,groothandelaar
no wage indication,knecht
qualitative,keukenmeid
no wage indication,dienßt
38427,keukenmeid
38427,officier
qualitative,dienstbode
negentig,dienst
negentig,huiswerk
no wage indication,keukenmeid
100,meid
f,boekhandelaar
ƒbo,kinderjuffrouw
ƒbo,kinderjuffrouw
qualitative,dienstbode
125,dienstbode
no wage indication,schoonmaakster
100,bode
100,huiswerk
100,mecanicien
100,burgerdienstbode
100,huiswerk
no wage indication,dienst
25,banketbakkers
25,bediende
no wage indication,makelaars
no wage indication,handelaar
no wage indication,dienst
no wage indication,advocaat
no wage indication,boekhandelaar
no wage indication,loopjongen
qualitative,keukenmeid
no wage indication,dienst
qualitative,dienst
ƒ250,jongen
no wage indication,dienst
no wage indication,werkmeid
120,dienst
qualitative,compagnon
qualitative,dienstbode
no wage indication,dienst
no wage indication,werkmeid
100,dienst
100,meid
no wage indication,bazaar
110,dienst
no wage indication,uitgever
ƒloo,bulp
ƒloo,administratieve
no wage indication,boekhandelaar
qualitative,dienstbode
qualitative,kamenier
100,makelaars
100,noodhulp
100,werkmeid
no wage indication,heer
no wage indication,advocaat
no wage indication,procureur
no wage indication,curator
no wage indication,ober
no wage indication,deurwaarder
no wage indication,heer
no wage indication,procureur
no wage indication,broeder
no wage indication,deurwaarder
no wage indication,procureur
no wage indication,secretaris
no wage indication,dienst
20,bediende
20,bediende
20,bediende
no wage indication,bankiers
no wage indication,kassiers
no wage indication,makelaars
no wage indication,portier
90,schoonmaakster
100,huiswerk
100,boekhandelaar
100,werkmeid
100,boekhandelaar
ƒim,boekhandelaar
ƒim,uitgever
ƒim,meid
ƒim,boekhandelaar
qualitative,huiswerk
qualitative,huiswerk
no wage indication,keukenmeid
ƒloo,dienstbode
no wage indication,verkoopster
dertig,hooger
no wage indication,leiden
100,huiswerk
100,getnigen
100,keukenmeid
100,huiswerk
48418,voorzitter
48418,griffier
no wage indication,leiden
no wage indication,keukenmeid
48418,voorzitter
48418,griffier
48418,makelaars
no wage indication,juffrouw
48418,voorzitter
48418,griffier
458,coiffeur
458,kappersbediende
qualitative,dienst
qualitative,meid
90,leiden
100,meid
no wage indication,boekhandelaar
no wage indication,boekhandelaar
no wage indication,agent
no wage indication,keukenmeid
no wage indication,keukenmeid
f,dienstbode
f,dieast
qualitative,boekhandelaar
qualitative,huiswerk
qualitative,dienst
qualitative,commissionnair
qualitative,huisknecht
qualitative,militair
qualitative,boekhandelaar
qualitative,dienstbode
qualitative,dienstbode
100,huiswerk
100,werkmeid
no wage indication,minister
qualitative,makelaar
qualitative,dienstmeid
qualitative,secondant
qualitative,boekhandelaar
no wage indication,huiswerk
no wage indication,boekhandelaar
no wage indication,boekhandelaar
qualitative,kamer
qualitative,dienstbode
no wage indication,keukenmeid
90,burgerdienstbode
120,advocaat
120,dienst
ƒ,boekhandelaar
no wage indication,meid
qualitative,dienst
100,meid
qualitative,boekhandelaar
qualitative,meid
qualitative,boekhandelaar
qualitative,keukenmeid
120,kantoorboekhandelaar
qualitative,werkmeid
qualitative,makelaar
90,dienstbode
90,huiswerk
90,dienstbode
90,meid
no wage indication,juffrouw
120,gids
120,huiswerk
no wage indication,koster
no wage indication,huiswerk
no wage indication,boekhandelaar
qualitative,boekhandelaar
qualitative,boekhandelaar
no wage indication,gemeente
no wage indication,huiswerk
80,huiswerk
90,dienstbode
90,dienstbode
90,schoonmaakster
80,huiswerk
no wage indication,meesterknecht
no wage indication,meesterknecht
ƒ,advokaat
no wage indication,makelaars
no wage indication,knecht
qualitative,boekhandelaar
qualitative,boekhandelaar
qualitative,boekhandelaar
qualitative,boekhandelaar
qualitative,boekhandelaar
80,dienstbode
qualitative,knecht
qualitative,knecht
100,werkmeid
qualitative,min
no wage indication,boekhouder
qualitative,behangersnaaister
no wage indication,dienst
no wage indication,keukenmeid
no wage indication,keukenmeid
qualitative,keukenmeid
150250,kelder
ƒl5o,dienstbode
ƒloo,meid
ƒloo,kunsthandelaar
qualitative,kelder
qualitative,zolder
qualitative,boekhandelaar
qualitative,dagmeid
ƒloo,meid
ƒloo,keukenmeid
qualitative,leerling
ƒloo,meid
qualitative,keukenmeid
no wage indication,meter
84,dienst
no wage indication,dienstte
no wage indication,bediende
f,advocaat
f,procureur
120,keukenmeid
120,huiswerk
90,boekhandelaar
90,dienstbode
no wage indication,boekhouden
no wage indication,sleepen
no wage indication,boekhandelaar
qualitative,dienstbode
qualitative,kruideniers
qualitative,adsistent
qualitative,boekhandelaar
no wage indication,leiden
qualitative,private
qualitative,huiswerk
no wage indication,boekdrukker
no wage indication,dienst
no wage indication,dienstbode
100,dienstbode
no wage indication,predikant
100,dienstbode
no wage indication,leiden
no wage indication,kruideniers
qualitative,keukenmeid
qualitative,huiswerk
f,boekhandelaar
f,boekhandelaar
f,boekhandelaar
100,boekhandelaar
200,makelaars
200,dienst
200,makelaars
no wage indication,keukenmeid
100,keukenmeid
100,huiswerk
120,keukenmeid
120,huiswerk
no wage indication,hoofd
ƒ9o,dienstbode
ƒ9o,werkmeid
no wage indication,kamer
no wage indication,huishoudster
qualitative,administratie
qualitative,dienstbode
qualitative,meid
90,werkster
no wage indication,huishoudster
7,dienst
qualitative,huisbewaarders
no wage indication,dienstmeisje
no wage indication,heer
qualitative,dienstbode
ƒ6,administratie
ƒ6,opzichter
ƒ6,zolder
130,dienstbode
ƒ6,zolder
qualitative,werkmeid
qualitative,huiswerk
qualitative,knecht
no wage indication,leiden
no wage indication,dienstbode
90,schoonmaakster
ƒbo,klerk
ƒbo,dienstbode
qualitative,dienstbode
qualitative,meesterknecht
qualitative,winkelbediende
qualitative,keukenmeid
no wage indication,advocaat
no wage indication,klerk
qualitative,boekhandelaar
qualitative,keukenmeid
no wage indication,dienstbode
ƒloo,dagmeisje
100,kunsthandelaar
no wage indication,grossier
no wage indication,bediende
no wage indication,bediende
ƒ,meid
ƒ,huiswerk
qualitative,volontair
qualitative,loopjongen
qualitative,boekhandelaar
qualitative,dienstbode
qualitative,boekhandelaar
qualitative,dienst
no wage indication,grossier
no wage indication,heer
no wage indication,gids
qualitative,uitgevers
5,noodhulp
5,dienst
5,noodhulp
5,meid
ƒ,dienstbode
5,meid
qualitative,werkster
qualitative,volontair
100,burgerdienstbode
100,keukenmeid
100,huiswerk
no wage indication,juffrouw
no wage indication,dienst
90,dienstbode
90,schoonmaakster
no wage indication,winkelier
qualitative,keukenmeid
no wage indication,dienst
no wage indication,voorzitter
no wage indication,loten
no wage indication,keukenmeid
no wage indication,meid
ƒ9o,werkmeid
ƒ9o,kindermeisje
ƒ,houtkoper
qualitative,keukenmeid
no wage indication,verloskundige
no wage indication,confectie
qualitative,dienstbode
ƒloo,boekhandelaar
ƒloo,huisbewaarders
ƒloo,hulp
ƒloo,boekhandelaar
qualitative,werksters
no wage indication,waarde
100,koopman
100,timmerman
100,makelaar
100,werkster
100,dienstbode
100,timmerman
qualitative,keukenmeid
qualitative,huiswerk
qualitative,huiswerk
100,koopman
100,werkster
100,dienstbode
no wage indication,notaris
qualitative,meid
no wage indication,meter
qualitative,dienstbode
ƒlo,knecht
ƒloo,dienstbode
16593,jongen
16593,jongen
16593,dienstbode
24,bakker
24,werkmeid
no wage indication,waarde
ƒ,slijterij
ƒ,dienstmeisje
10,knecht
no wage indication,volontair
no wage indication,indienst
no wage indication,werkmeid
no wage indication,werkmeid
qualitative,machinist
qualitative,vuurwerker
no wage indication,dienst
no wage indication,dienst
no wage indication,waarde
no wage indication,kamenier
no wage indication,boekhandelaar
90,agent
90,agent
90,dienstbode
150,boekhandelaar
150,schoonmaakster
100,dienstbode
no wage indication,loopjongen
120,makelaar
120,dienst
no wage indication,bediende
qualitative,dienst
no wage indication,keukenmeid
qualitative,administratie
qualitative,coiffeursbediende
100,keukenmeid
qualitative,bidder
qualitative,werkster
qualitative,koster
qualitative,makelaars
qualitative,meter
qualitative,dienst
21775,burgemeester
21775,burgemeester
qualitative,eigenaar
qualitative,juffrouw
qualitative,eigenaar
qualitative,juffrouw
qualitative,uitgever
qualitative,dienst
qualitative,bediende
qualitative,dienstbode
qualitative,dionst
ƒ9o,dienstbode
qualitative,dienstbode
7,knecht
100,dienstbode
100,meid
100,boekhandelaar
no wage indication,gemeente
ƒb,behanger
qualitative,koekbakker
qualitative,diende
150,keukenmeid
150,keukenmeid
150,huiswerk
ƒ,boekhandelaar
90,dienstbode
90,schoonmaakster
qualitative,uitgevers
qualitative,ridder
no wage indication,keukenmeid
no wage indication,visser
no wage indication,dienstbode
qualitative,boekhandelaar
qualitative,kinderjuffrouw
qualitative,huiswerk
qualitative,boekhandelaar
80,dienstmeisje
23861,gezel
qualitative,bediende
no wage indication,meesterknecht
qualitative,leiden
qualitative,kinderjuffrouw
qualitative,huiswerk
no wage indication,boekhandelaar
no wage indication,boekhandelaar
qualitative,werksters
qualitative,kantoorbediende
qualitative,werkster
qualitative,dienstbode
90,werkmeid
qualitative,leiden
qualitative,huiswerk
no wage indication,boekhandelaar
90,werkmeid
no wage indication,model
no wage indication,huisknecht
100,leeraar
100,boekhouder
100,dienstbode
qualitative,reiziger
qualitative,werksters
no wage indication,boekhandelaar
no wage indication,boekhandelaar
no wage indication,boekhandelaar
qualitative,werker
100,dienstbode
100,schoonmaakster
no wage indication,naaister
no wage indication,dienst
25400,administratie
25400,administratie
25401,commissaris
qualitative,keukenmeid
no wage indication,curator
vijl,oppasser
qualitative,arts
qualitative,keukenmeid
no wage indication,curator
no wage indication,heer
no wage indication,rechtercommissaris
no wage indication,heer
no wage indication,knecht
no wage indication,jongen
no wage indication,laarzenmaker
no wage indication,knecht
100,huiswerk
qualitative,pianostemmer
qualitative,keukenmeid
100,huiswerk
qualitative,slijterij
qualitative,meters
qualitative,boekhandelaar
qualitative,keukenmeid
100,dienstbode
100,huiswerk
no wage indication,pakhuisknecht
reflcteerenden,werkmeid
ƒloo,huiswerk
no wage indication,keukenmeid
27042,commissaris
100,administrateur
100,meid
100,huiswerk
ƒl5o,huishoudster
ƒl5o,fabrikanten
80,meid
no wage indication,administratie
no wage indication,commissaris
no wage indication,uitgevers
no wage indication,werkmeid
qualitative,juffrouw
qualitative,juffrouw
qualitative,zinkwerker
hoeft,metselaar
qualitative,keukenmeid
qualitative,huiswerk
qualitative,boekhouder
qualitative,boekhouden
qualitative,juffrouw
qualitative,juffrouw
29080,administratie
29080,commissaris
qualitative,reiziger
qualitative,kindermeid
90,dienstbode
qualitative,makelaar
qualitative,makelaar
qualitative,kindermeid
tien,winkelbediende
no wage indication,heer
no wage indication,heer
no wage indication,heer
no wage indication,boekhandelaar
no wage indication,boekhandelaar
no wage indication,boekhandelaar
no wage indication,makelaars
125,dienst
125,keukenmeid
no wage indication,loodgieter
no wage indication,wekker
qualitative,barbiersbediende
no wage indication,voorzitter
no wage indication,griffier
no wage indication,betaalmeester
no wage indication,voorzitter
no wage indication,secretaris
qualitative,loopjongen
no wage indication,gedeputeerdo
no wage indication,voorzitter
no wage indication,voorzitter
qualitative,makelaar
no wage indication,voorzitter
no wage indication,griffier
no wage indication,betaalmeester
no wage indication,voorzitter
no wage indication,secretaris
qualitative,dienstbode
no wage indication,heer
no wage indication,noodhulp
no wage indication,dienst
qualitative,makelaar
100,dienstbode
100,huiswerk
100,meid
25401,administratie
no wage indication,meid
5,oppasser
tien,winkelbediende
80,dienstbode
no wage indication,voorzitter
no wage indication,griffier
no wage indication,betaalmeester
no wage indication,voorzitter
no wage indication,secretaris
qualitative,makelaar
90,meid
ƒll,juffrouw
1,werkster
no wage indication,bouwkundige
qualitative,linnennaaister
25401,administratie
qualitative,diamantklover
qualitative,knecht
100,dienstbode
100,huiswerk
ƒloo,naaister
ƒloo,coupeur
ƒloo,keukenmeid
ƒloo,huiswerk
qualitative,barbiersbediende
qualitative,coiffeur
qualitative,barbiersbediende
no wage indication,werkmeid
no wage indication,jongens
no wage indication,compagnon
no wage indication,waarde
no wage indication,bediende
3,boekhouden
no wage indication,leeraar
100,noodhulp
100,dienstbode
ƒ,schoonmaakster
qualitative,steller
no wage indication,juwelier
no wage indication,juwelier
qualitative,zolder
qualitative,zinkwerkers
qualitative,zinkwerkers
ƒbo,dienstbode
no wage indication,boekhandelaar
no wage indication,juffrouw
no wage indication,boekhandelaar
no wage indication,heer
no wage indication,handelaar
no wage indication,diamantzetter
no wage indication,diamantzetter
no wage indication,monteur
no wage indication,compagnon
35444,dienst
35444,min
100,werksters
80,werkmeid
no wage indication,koetsier
no wage indication,dienstbode
18,koetsier
18,knecht
qualitative,fabrikant
85,gouvernante
85,dienstbode
tien,bierhuis
tien,koetsier
qualitative,curator
qualitative,curator
qualitative,keukenmeid
qualitative,dienst
qualitative,keukenmeid
120,keukenmeid
qualitative,boekhandelaar
qualitative,boekhandelaar
qualitative,boekhandelaar
no wage indication,dienstbode
no wage indication,huiswerk
no wage indication,potter
150,operateur
120,coupeuse
120,werkmeid
no wage indication,dienstbode
no wage indication,fabrikant
no wage indication,arrondissementsbetaalmeester
no wage indication,voorzitter
no wage indication,griffier
1,keukenmeid
no wage indication,potter
100,dienstbode
ƒl3o,keukenmeid
ƒl3o,huiswerk
ƒl3o,keukenmeid
ƒl3o,huiswerk
no wage indication,heer
no wage indication,keukenmeid
8,nachtportier
8,nachtwacht
no wage indication,arrondissementsbetaalmeester
no wage indication,voorzitter
no wage indication,griffier
no wage indication,makelaars
no wage indication,makelaars
no wage indication,makelaars
no wage indication,makelaars
tarief,steller
ƒloo,dienstbode
ƒloo,werkster
qualitative,dienst
qualitative,keukenmeid
qualitative,huiswerk
qualitative,boekhandelaar
125,huiswerk
125,huiswerk
125,huiswerk
125,keukenmeid
qualitative,huisknecht
qualitative,huisknecht
qualitative,oppasser
100,boekhandelaar
100,keukenmeid
100,werkmeid
100,keukenmeid
100,werkmeid
qualitative,meid
qualitative,getuigeu
ƒbo,boekhandelaar
ƒbo,maagd
ƒbo,keukenmeid
ƒbo,huiswerk
no wage indication,meid
ƒ,boekhandelaar
no wage indication,huisknecht
120,secretaris
120,keukenmeid
no wage indication,meid
no wage indication,huiswerk
qualitative,fabrikant
no wage indication,reiziger
no wage indication,bediende
no wage indication,hoofd
no wage indication,stukadoors
no wage indication,heelmeester
no wage indication,schoonmaakster
qualitative,leiden
qualitative,fabrikant
100,dienstbode
qualitative,meid
40849,burgemeester
40849,burgemeester
no wage indication,rediende
qualitative,boekhandelaar
qualitative,deventer
qualitative,keukenmeid
no wage indication,slepen
100,dienst
100,keukenmeid
qualitative,keukenmeid
qualitative,zinkwerkers
qualitative,expert
qualitative,cargadoors
qualitative,behanger
qualitative,kamer
qualitative,dienst
no wage indication,werkmeid
qualitative,winkelbediende
qualitative,barbiersbediende
qualitative,fabrikant
no wage indication,deurwaarder
no wage indication,procureur
no wage indication,procureur
no wage indication,deurwaarder
no wage indication,deurwaarder
no wage indication,deurwaarder
no wage indication,deurwaarder
no wage indication,procureur
qualitative,boekhandelaar
qualitative,baas
qualitative,boekhandelaar
qualitative,kunsthandelaar
qualitative,boekhandelaar
160,keukenmeid
no wage indication,bediende
qualitative,deventer
no wage indication,administratie
qualitative,maar
qualitative,kruideniers
no wage indication,boekhandelaar
no wage indication,administrateur
no wage indication,houtvester
no wage indication,opzichter
90,dienstbode
qualitative,boekhouder
qualitative,boekhouder
no wage indication,dienstbode
no wage indication,boekhandelaar
ƒbo,bleeker
no wage indication,boekhandelaar
no wage indication,makelaar
100,slijterij
100,slijterij
48585,president
48585,secretaris
qualitative,zinkwerkers
no wage indication,rechter
qualitative,dienstbode
ƒ9o,keukenmeid
ƒ9o,huiswerk
ƒ2oo,kindermeisje
ƒ2oo,meid
ƒ2oo,huiswerk
no wage indication,hoofd
ƒ2oo,keukenmeid
ƒ2oo,huiswerk
no wage indication,hoofd
no wage indication,hoofd
563,brouwer
100,secretaris
100,dienstbode
tien,dienst
tien,huiswerk
no wage indication,dienstbode
tien,dienst
tien,dienst
qualitative,boer
qualitative,grossiers
1080,president
1080,secretaris
1132,president
1132,secretaris
1132,secretaris
no wage indication,expeditie
120,meid
120,huiswerk
120,werkmeid
ï00,werkmeid
qualitative,hoofd
qualitative,richter
qualitative,makelaars
90,dienstbode
qualitative,kruideniers
qualitative,gezichtkundige
qualitative,chirurg
115,boekhandelaar
115,keukenmeid
115,boekhandelaar
100,keukenmeid
qualitative,keukenmeid
115,keukenmeid
115,gouvernante
115,gouvernante
115,kantoorboekhandelaar
115,keukenmeid
qualitative,gepensionncerd
qualitative,sergeant
qualitative,loopknecht
qualitative,oppasser
qualitative,boekhandelaar
225,keukenmeid
225,keukenmeid
no wage indication,knecht
qualitative,keukenmeid
qualitative,huisknecht
225,keukenmeid
no wage indication,oppasser
no wage indication,huiswerk
no wage indication,werkmeid
qualitative,agent
no wage indication,bloemist
no wage indication,waard
no wage indication,diamantklover
no wage indication,boekhandelaar
qualitative,deventer
qualitative,diende
no wage indication,boekdrukker
qualitative,deventer
no wage indication,bazaar
no wage indication,leiden
no wage indication,knecht
no wage indication,zomer
qualitative,behangers
no wage indication,hoofd
no wage indication,onderwijzer
no wage indication,winkelbediende
no wage indication,huishoudster
no wage indication,heer
no wage indication,huishoudster
no wage indication,heer
no wage indication,winkelbediende
no wage indication,huishoudster
no wage indication,heer
no wage indication,huishoudster
no wage indication,heer
no wage indication,heer
120,keukenmeid
120,huiswerk
ƒ,boekhandelaar
qualitative,juffrouw
qualitative,noodhulp
qualitative,dienst
qualitative,dienst
qualitative,keukenmeid
qualitative,keukenmeid
no wage indication,boekhandelaar
ƒl2o,keukenmeid
ƒl2o,meid
ƒl2o,huiswerk
no wage indication,keukenmeid
no wage indication,huiswerk
no wage indication,boekhandelaar
ƒ9o,dienst
no wage indication,hoofd
qualitative,dienst
franco,ageit
franco,hoofdagent
qualitative,rediende
ƒ125,dienstbode
ƒ125,schoonmaakster
60,banketbakker
60,kok
qualitative,scheikundige
qualitative,deventer
qualitative,deventer
no wage indication,keukenmeid
120,keukenmeid
120,huiswerk
100,dienstbode
qualitative,behanger
qualitative,behangersknecht
120,boekhandelaar
ƒloo,huiswerk
100,dienstbode
qualitative,keukenmeid
qualitative,keukenmeid
100,werkster
100,werkmeid
100,werkmeid
100,werkmeid
no wage indication,administratie
no wage indication,president
no wage indication,secretaris
no wage indication,administratie
no wage indication,administratie
no wage indication,president
no wage indication,secretaris
100,dienstbode
ƒ,schoonmaakster
80,zolder
80,boekhandelaar
80,bode
80,zolder
80,boekhandelaar
100,dienstbode
100,meid
ƒ,boekhandelaar
qualitative,kamer
qualitative,tolk
qualitative,bediende
no wage indication,procureur
no wage indication,pakker
qualitative,eigenaar
qualitative,maar
qualitative,werksters
ƒl2o,kindermeisje
ƒl2o,dienst
ƒl2o,keukenmeid
qualitative,eigenaar
qualitative,maar
qualitative,oppasser
qualitative,huisknecht
qualitative,boekhandelaar
qualitative,dienst
qualitative,makelaar
150,hooger
150,werkmeid
qualitative,dienstbode
qualitative,volontair
100,boekhandelaar
100,werkmeid
100,boekhandelaar
4,jongen
4,boekhandelaar
4,uitgever
qualitative,bediende
qualitative,dienst
qualitative,dienstbode
qualitative,dienstbode
no wage indication,president
no wage indication,secretaris
qualitative,industrieele
qualitative,keukenmeid
qualitative,keukenmeid
qualitative,behanger
qualitative,meesterknecht
qualitative,drukker
ƒloo,werkmeid
qualitative,huiswerk
no wage indication,boekhandelaar
qualitative,behanger
qualitative,meesterknecht
qualitative,model
qualitative,boekhandelaar
qualitative,kramer
qualitative,drukker
qualitative,meesterknecht
qualitative,huiswerk
no wage indication,president
no wage indication,secretaris
no wage indication,heer
no wage indication,rechtorcommissaris
no wage indication,advocaat
no wage indication,uitvoerder
no wage indication,boekhandelaar
no wage indication,uitgever
760,getnigen
ƒ,boekhandelaar
no wage indication,president
no wage indication,secretaris
verrenssdfl,advocaat
ƒ4,boekhandelaar
ƒ,boekhandelaar
100,beiziger
120,keukenmeid
120,huiswerk
no wage indication,curator
no wage indication,curator
120,keukenmeid
ƒl2o,huiswerk
17650,president
17650,secretaris
17650,president
17650,secretaris
100,werkmeid
100,werkmeid
100,werkmeid
ƒloo,boekhandelaar
100,werkmeid
100,werkmeid
100,boekhandelaar
ƒl3o,keukenmeid
ƒl3o,huiswerk
ƒl3o,boekhandelaar
ƒl3o,boekhandelaar
no wage indication,zomer
ƒl3o,keukenmeid
ƒl3o,huiswerk
ƒl3o,boekhandelaar
ƒl3o,boekhandelaar
no wage indication,curator
no wage indication,curator
no wage indication,president
no wage indication,secretaris
no wage indication,hotelhouder
no wage indication,meter
no wage indication,president
no wage indication,secretaris
no wage indication,secretaris
80,dienstbode
leeftijd,dienstbode
leeftijd,keukenmeid
leeftijd,huiswerk
leeftijd,boekhandelaar
leeftijd,boekhandelaar
leeftijd,boekhandelaar
leeftijd,boekhandelaar
leeftijd,dienstbode
leeftijd,keukenmeid
leeftijd,huiswerk
leeftijd,boekhandelaar
leeftijd,brouwer
leeftijd,boekhandelaar
leeftijd,boekhandelaar
leeftijd,boekhandelaar
qualitative,boekhandelaar
qualitative,vormer
ƒ100,werkmeid
no wage indication,boekhandelaar
qualitative,boekhouden
qualitative,magazijnbediende
qualitative,reiziger
qualitative,boekhouden
qualitative,reiziger
qualitative,magazijnbediende
no wage indication,boekhandelaar
qualitative,boekhouden
qualitative,reiziger
qualitative,boekhouden
qualitative,reiziger
faillissement,kleermaker
no wage indication,boekhandelaar
no wage indication,boekhandelaar
no wage indication,boekhandelaar
no wage indication,boekhandelaar
faillissement,kleermaker
5,agent
5,boekhandelaar
no wage indication,president
no wage indication,secretaris
no wage indication,president
no wage indication,secretaris
5,agent
5,boekhandelaar
no wage indication,ourator
no wage indication,makelaars
no wage indication,makelaars
no wage indication,makelaars
no wage indication,makelaars
qualitative,chef
ƒloo,geneeskundige
ƒloo,hooger
ƒloo,hooger
qualitative,kok
ƒloo,geneeskundige
ƒloo,hooger
ƒloo,hooger
100,bedlende
100,werkmeid
ƒloo,geneeskundige
ƒloo,hooier
ƒloo,hooger
no wage indication,heer
ƒloo,geneeskundige
ƒloo,hooger
ƒloo,hooger
no wage indication,heer
no wage indication,tandarts
no wage indication,zuiveraars
ƒloo,geneeskundige
ƒloo,hooger
ƒloo,hooger
ƒloo,geneeskundige
ƒloo,geneeskundige
ƒloo,keukenmeid
ƒloo,hooger
ƒloo,hooger
qualitative,kappersbediende
2,kunsthandelaar
2,werkmeid
2,kunsthandelaar
2,werkmeid
qualitative,onderwijzer
qualitative,onderwijzer
qualitative,kinderjuffrouw
no wage indication,boekhandelaar
no wage indication,boekhandelaar
no wage indication,boekhandelaar
no wage indication,boekhandelaar
100,keukenmeid
no wage indication,dienstbode
no wage indication,werker
no wage indication,expediteur
qualitative,modiste
qualitative,werkmeid
qualitative,gezelschapsjuffrouw
qualitative,werkmeid
no wage indication,nieer
no wage indication,president
no wage indication,secretaris
23024,president
23024,secretaris
ƒ750,boekhandelaar
ƒ750,boekhandelaar
750,kruideniersbediende
ƒ,boekhandelaar
100,meid
25089,president
25089,secretaris
25089,secretaris
qualitative,winkelier
ƒ3,jongen
ƒ3,boekhandelaar
no wage indication,boekhandelaar
ƒb,uitgever
ƒb,uitgever
ƒb,uitgever
fzu,uitgever
fzu,uitgever
fzu,uitgever
qualitative,rijtuigfabrikant
qualitative,dienstbode
no wage indication,reiziger
qualitative,keukenmeid
qualitative,huiswerk
no wage indication,knecht
no wage indication,hooger
no wage indication,bediende
qualitative,keukenmeid
qualitative,huiswerk
no wage indication,keukenmeid
5,boekhouden
qualitative,banketbakker
qualitative,bediende
qualitative,bediende
no wage indication,administratie
9,kruideniersbediende
9,dienst
qualitative,dienaar
qualitative,dienst
qualitative,dienstbode
qualitative,dienst
125,dienstbode
125,dienst
125,noodhulp
qualitative,waarde
qualitative,werkmeid
qualitative,vuurwerker
qualitative,kopergieter
no wage indication,boekhandelaar
no wage indication,makelaar
no wage indication,visser
no wage indication,dienstbode
no wage indication,visser
no wage indication,boekhandelaar
qualitative,knecht
qualitative,meid
no wage indication,huiswerk
qualitative,jager
no wage indication,ingenieur
ƒ80,werkmeid
ƒbo,heer
ƒbo,hoofd
ƒbo,dienstbode
no wage indication,president
no wage indication,secretaris
no wage indication,president
no wage indication,secretaris
110,keukenmeid
110,huiswerk
no wage indication,leiden
100,huiswerk
no wage indication,leiden
qualitative,reiziger
no wage indication,leiden
110,keukenmeid
110,keukenmeid
120,dienst
120,huiswerk
qualitative,pianist
qualitative,keukenmeid
qualitative,keukenmeid
vjjfentwintig,dienstbode
vjjfentwintig,dienst
vjjfentwintig,dienstbode
qualitative,keukenmeid
no wage indication,cargadoor
no wage indication,horlogemaker
120,dienstbode
qualitative,meesterknecht
qualitative,dienst
qualitative,kramer
qualitative,dienstmeisje
no wage indication,knecht
no wage indication,boekhandelaar
no wage indication,uitgever
no wage indication,president
no wage indication,secretaris
100,werkmeid
no wage indication,boekhandelaar
qualitative,hoofd
qualitative,maar
qualitative,koperdraaier
qualitative,dienst
no wage indication,bediende
no wage indication,bediende
no wage indication,bediende
no wage indication,bediende
no wage indication,diamantkloven
no wage indication,bediende
no wage indication,bediende
no wage indication,diamantkloven
no wage indication,bediende
no wage indication,bediende
no wage indication,diamantkloven
no wage indication,dagmeisje
no wage indication,president
no wage indication,secretaris
no wage indication,president
no wage indication,secretaris
qualitative,gids
qualitative,juffrouw
qualitative,juffrouw
qualitative,juffrouw
qualitative,juffrouw
no wage indication,makelaar
no wage indication,gemeente
no wage indication,dienst
no wage indication,makelaar
no wage indication,gemeente
no wage indication,dienst
qualitative,kamer
no wage indication,gemeente
no wage indication,dienst
no wage indication,fabrieksbaas
no wage indication,administratie
no wage indication,gemeente
no wage indication,dienst
no wage indication,boekhandelaar
no wage indication,leiden
no wage indication,administrateur
no wage indication,boekhandelaar
no wage indication,leiden
no wage indication,leiden
no wage indication,leiden
no wage indication,boekhandelaar
no wage indication,leiden
no wage indication,administrateur
no wage indication,boekhandelaar
no wage indication,leiden
30,naaister
80,naaister
80,winkeljuffrouw
ƒ3o,naaister
ƒ3o,naaister
qualitative,maar
qualitative,administratie
qualitative,dienst
qualitative,dienstbode
qualitative,juffrouw
qualitative,dienst
qualitative,dienstbode
qualitative,maar
qualitative,administratie
qualitative,keukenmeid
40414,administratie
40414,president
no wage indication,administratie
no wage indication,president
qualitative,heer
qualitative,werkmeid
qualitative,keukenmeid
qualitative,heer
qualitative,werkmeid
qualitative,keukenmeid
90,meid
90,dagmeisje
90,huiswerk
125,dienst
125,dienstbode
125,meid
125,dienstbode
125,dienst
125,dienstbode
125,meid
no wage indication,administratie
no wage indication,president
40414,administratie
40414,president
qualitative,varkensslachtersknecht
no wage indication,compagnon
qualitative,beurtschipper
qualitative,stemmer
no wage indication,compagnon
qualitative,stemmer
no wage indication,dienstbode
no wage indication,dienstbode
no wage indication,dienstbode
100,dienstbode
100,agent
95,werkmeid
ƒ,dagmeisje
©5,werkmeid
f,dagmeisje
100,bienstbode
100,agent
no wage indication,secretaris
qualitative,plaatsvervangers
qualitative,plaatsvervanger
qualitative,plaatsvervangers
qualitative,nummerverwisselaar
qualitative,plaatsvervanger
no wage indication,president
no wage indication,secretaris
no wage indication,president
no wage indication,secretaris
no wage indication,secretaris
ƒloo,huiswerk
qualitative,werkman
qualitative,huisknecht
qualitative,huisknecht
no wage indication,dienst
no wage indication,huiswerk
qualitative,huiswerk
qualitative,dienstbode
no wage indication,advocaat
no wage indication,machinist
no wage indication,president
no wage indication,secretaris
qualitative,heer
no wage indication,advocaat
200,keukenmeid
no wage indication,advocaat
no wage indication,administratieve
ƒbo,correspondent
ƒbo,dienstbode
ƒbo,meid
qualitative,barbiersbediende
100,dienst
100,meid
no wage indication,huiswerk
qualitative,dierst
no wage indication,chocolatier
no wage indication,chocolatier
no wage indication,huiswerk
no wage indication,geneeskundige
no wage indication,hulp
no wage indication,machinist
no wage indication,curator
no wage indication,dagmeisje
no wage indication,huiswerk
no wage indication,boekhandelaar
no wage indication,boekhandelaar
no wage indication,boekhandelaar
no wage indication,boekhandelaar
no wage indication,boekhandelaar
qualitative,dienst
no wage indication,boekhandelaar
qualitative,loten
qualitative,dienst
qualitative,lieer
100—,werkmeid
100—,dienst
100—,dienstbode
100—,huiswerk
qualitative,dienst
qualitative,lieer
ï00,kamermeid
ƒloo,correspondentie
qualitative,curator
qualitative,keukenmeid
qualitative,huiswerk
qualitative,werkmeid
qualitative,curator
qualitative,kramer
qualitative,keukenmeid
qualitative,keukenmeid
qualitative,huiswerk
no wage indication,huiswerk
100,juffrouw
no wage indication,keukenmeid
no wage indication,huiswerk
no wage indication,heer
no wage indication,burgemeester
qualitative,dienst
100,dienstbode
no wage indication,keukenmeid
qualitative,boekhandelaar
qualitative,werkster
qualitative,leiden
qualitative,boekhandelaar
qualitative,keukenmeid
qualitative,dienst
qualitative,huiswerk
qualitative,dienst
ƒ,huiswerk
ƒ,huiswerk
120,keukenmeid
120,huiswerk
f,boekhandelaar
125,directeuren
125,dagmeisje
125,huiswerk
no wage indication,boekhandelaar
ƒ,meid
ƒ,dienstbode
11©,keukenmeid
11©,huiswerk
11©,meid
no wage indication,boekhandelaar
no wage indication,boekhandelaar
no wage indication,geneeskundige
no wage indication,hulp
f,keukenmeid
f,huiswerk
f,meid
no wage indication,dienst
no wage indication,dienst
no wage indication,visser
no wage indication,brouwer
no wage indication,visser
no wage indication,potter
ƒ,boekhandelaar
ƒ,boekhandelaar
honderd,makelaars
honderd,kramer
honderd,makelaars
no wage indication,president
no wage indication,secretaris
no wage indication,president
no wage indication,secretaris
no wage indication,secretaris
no wage indication,secretaris
qualitative,keukenmeid
qualitative,boekhandelaar
qualitative,boekhandelaar
qualitative,directeur
no wage indication,modderman
no wage indication,secretaris
no wage indication,keukenmeid
no wage indication,werkmeid
no wage indication,werkmeid
no wage indication,model
90,houthandelaar
90,dienstbode
90,dienstbode
90,meid
90,huiswerk
qualitative,behanger
no wage indication,makelaars
no wage indication,boekhandelaar
no wage indication,dijkgraaf
no wage indication,dienstbode
no wage indication,meid
ƒllo,keukenmeid
ƒllo,keukenmeid
ƒllo,kantoorboekhandelaar
ƒbo,boekhandelaar
ƒbo,dienstmeisje
no wage indication,secretaris
no wage indication,dienstbode
6,palfrenier
ƒ5o,kok
no wage indication,makelaars
no wage indication,boekhandelaar
no wage indication,dijkgraaf
qualitative,stadsreiziger
qualitative,boekhandelaar
qualitative,boekhandelaar
no wage indication,heer
no wage indication,huiswerk
no wage indication,machinewerker
no wage indication,winkelbediende
ƒ175,loopmeisje
13359,president
13359,secretaris
100,werkmeid
qualitative,machinist
qualitative,bankwerker
qualitative,dienst
400,schoonmaakster
400,huisbewaarder
3«0,koper
no wage indication,werkmeid
no wage indication,dienst
no wage indication,werkmeid
f,dienstbode
qualitative,logementhouder
no wage indication,kantoorbediende
no wage indication,chef
14980,president
14980,secretaris
14980,makelaars
no wage indication,loten
ƒ,handelaar
no wage indication,deventer
griffier,geneesheer
griffier,bakker
griffier,hoofd
griffier,hoofd
griffier,directeur
griffier,griffier
100,maar
no wage indication,makelaar
120,keukenmeid
ƒ,boekhandelaar
16260,administratie
16260,president
16260,secretaris
16260,administratie
16260,secretaris
110,zolder
110,keukenmeid
110,dienst
110,keukenmeid
110,huiswerk
no wage indication,heer
no wage indication,heer
no wage indication,heer
no wage indication,heer
ƒ,dienstbode
ƒ,huiswerk
no wage indication,kleermaker
no wage indication,coupeur
qualitative,barbiersbediende
qualitative,bediende
no wage indication,keukenmeid
qualitative,bediende
ƒbo,dienstbode
ƒbo,huiswerk
no wage indication,president
no wage indication,secretaris
no wage indication,heer
100,keukenmeid
100,huiswerk
no wage indication,heer
no wage indication,heer
100,heer
100,keukenmeid
100,huiswerk
100,heer
no wage indication,president
no wage indication,secretaris
18t28,rentmeester
18t28,administratie
18t28,correspondentie
no wage indication,makelaars
no wage indication,boekhandelaar
no wage indication,dijkgraaf
1883,administratie
1883,president
1883,secretaris
ƒ3oo,huisknecht
ƒ3oo,dienst
ƒ3oo,huisknecht
ƒ3oo,dienst
8,dienst
8,knecht
no wage indication,koper
qualitative,private
qualitative,kindermeid
no wage indication,keukenmeid
no wage indication,keukenmeid
qualitative,bediende
13,boekhandelaar
100,meid
qualitative,heer
no wage indication,president
no wage indication,secretaris
no wage indication,boekhandelaar
no wage indication,dienstbode
no wage indication,administratie
no wage indication,president
no wage indication,secretaris
qualitative,keukenmeid
qualitative,keukenmeid
no wage indication,president
no wage indication,secretaris
no wage indication,dienstbode
100,huishoudster
100,werkmeid
100,dienstbode
100,dienstbode
100,meid
qualitative,keukenmeid
no wage indication,meid
no wage indication,zuster
no wage indication,meid
no wage indication,dienst
no wage indication,administratie
no wage indication,president
no wage indication,secretaris
jßrevrauftd,keukenmeid
125,dienstmeisje
24,hoofdagent
24,bediende
no wage indication,administratie
no wage indication,president
no wage indication,secretaris
no wage indication,notaris
no wage indication,notari3
no wage indication,sigarenfabrikanten
no wage indication,cargadoors
no wage indication,gezagvoerder
no wage indication,cargadoors
no wage indication,gezagvoerder
no wage indication,makelaar
no wage indication,heer
no wage indication,president
no wage indication,secretaris
no wage indication,president
no wage indication,secretaris
no wage indication,cargadoors
no wage indication,gezagvoerder
no wage indication,cargadoors
no wage indication,agent
no wage indication,heer
no wage indication,correspondentie
no wage indication,heer
no wage indication,heer
160,werkmeid
160,keukenmeid
ƒ,boekhandelaar
ƒ,boekhandelaar
no wage indication,huiswerk
150,hofleveranciers
150,werkmeid
150,keukenmeid
qualitative,hoofdagent
qualitative,keukenmeid
no wage indication,heer
no wage indication,dagmeisje
no wage indication,huiswerk
qualitative,dienstbode
qualitative,meid
ƒ9o,heer
no wage indication,boekhandelaar
no wage indication,president
no wage indication,makelaars
no wage indication,makelaars
no wage indication,bakker
no wage indication,makelaars
no wage indication,bakker
no wage indication,bakkeb
no wage indication,administrateur
ƒloo,keukenmeid
ƒloo,dienst
ƒloo,dienstbode
no wage indication,administratie
no wage indication,president
no wage indication,secretaris
no wage indication,administratie
ƒ2oo,boekhandelaar
ƒ2oo,keukenmeid
ƒ2oo,boekhandelaar
ƒ2oo,keukenmeid
no wage indication,gezant
no wage indication,administratie
no wage indication,president
no wage indication,secretaris
qualitative,boekhouden
qualitative,keukenmeid
qualitative,dienst
1,makelaar
1,molenaar
1,keukenmeid
1,bazaar
1,keukenmeid
no wage indication,wagenknecht
no wage indication,knecht
no wage indication,administratie
no wage indication,president
no wage indication,secretaris
25©,oppasser
qualitative,onderofficier
qualitative,administratieve
qualitative,opzichter
qualitative,administrateur
no wage indication,curator
ƒl5o,diamantklover
ƒl5o,keukenmeid
ƒl5o,huiswerk
qualitative,heer
hoofdagent,hoofdagent
qualitative,keukenmeid
qualitative,keukenmeid
jf,dienst
jf,jongen
3—,bakker
3—,jongren
ƒ,kramer
ƒ,keukenmeid
ƒ,huiswerk
950,jongen
5850,jongen
8,boekhouden
8,boekhouden
41090,president
41090,secretaris
ƒloo,werkmeid
qualitative,uitvoerders
qualitative,bediende
qualitative,slijterij
qualitative,bediende
no wage indication,administratie
no wage indication,president
no wage indication,secretaris
no wage indication,hoofd
qualitative,boekhandelaar
ƒ9,theehandelaar
ƒ9,winkelbediende
qualitative,dienst
1190,president
1190,secretarie
qualitative,burgemeester
qualitative,dienstbode
no wage indication,dienstbode
qualitative,huiswerk
130,keukenmeid
qualitative,huiswerk
qualitative,huiswerk
qualitative,huiswerk
qualitative,machinist
qualitative,machinist
no wage indication,boekhandelaar
ƒ7,sorteerder
ƒ7,sorteerder
no wage indication,cargadoors
no wage indication,cargadoors
no wage indication,cargadoors
no wage indication,cargadoors
qualitative,kappersbediende
10—,heer
10—,architect
10—,werktuigkundige
10—,heer
no wage indication,officier
no wage indication,officier
no wage indication,cargadoors
no wage indication,cargadoor»
qualitative,werkster
qualitative,coupeuse
qualitative,goudstikker
1»0,keukenmeid
1»0,huiswerk
no wage indication,heer
qualitative,onderwijzer
27,curator
qualitative,baas
drie,referenten
qualitative,administratieve
no wage indication,jongren
no wage indication,volontair
befleeteerenden,industrieel
12,keukenmeid
12,huiswerk
no wage indication,huisbewaarders
no wage indication,boekhandelaar
no wage indication,president
no wage indication,secretaris
no wage indication,secretaris
100,werkster
100,coupeuse
100,dienstbode
100,huiswerk
qualitative,knecht
120,keukenmeid
120,meid
ƒ100,huiswerk
110,huiswerk
qualitative,werkmeid
no wage indication,bierbrouwerij
no wage indication,bouwkundige
100,volontair
100,werkster
25,president
25,secretaris
25,secretaris
100,dienst
100,kindermeid
100,dienstbode
100,hulp
100,dagmeisje
100,schoonmaakster
no wage indication,president
no wage indication,president
no wage indication,president
100,dienst
100,werkster
no wage indication,grossiers
no wage indication,correspondentie
qualitative,meesterknecht
qualitative,onderbaas
qualitative,werkman
no wage indication,letterzetters
13146,president
13146,president
18147,secretaiis
no wage indication,president
no wage indication,secretaris
qualitative,boekhandelaar
qualitative,modiste
no wage indication,president
no wage indication,secretaris
no wage indication,coiffeur
no wage indication,bediende
no wage indication,apotheek
no wage indication,president
no wage indication,secretaris
no wage indication,president
no wage indication,secretaris
no wage indication,president
no wage indication,secretaris
2,zandvormers
2,leemvormer
no wage indication,president
no wage indication,secretaris
5,knecht
no wage indication,cargadoors
20,administratie
20,coiffeur
20,kappersbediende
20,coiffeur
qualitative,huiswerk
no wage indication,commissionnair
no wage indication,jonkheer
qualitative,keukenmeid
no wage indication,secretaris
no wage indication,huiswerk
no wage indication,keukenmeid
no wage indication,huiswerk
qualitative,hoofd
qualitative,werkmeid
qualitative,werkmeid
qualitative,dienstbode
qualitative,dienst
no wage indication,burgemeester
125,keukenmeid
95,meid
95,werkmeid
qualitative,huisknecht
95,directeur
95,werkmeid
no wage indication,administratie
no wage indication,president
no wage indication,secretaris
no wage indication,secretaris
ƒ,gruyter
ƒ,keukenmeid
qualitative,tuinwerk
qualitative,agent
qualitative,notaris
ƒ100,keukenmeid
ƒ100,huiswerk
ƒ100,huiswerk
no wage indication,machinemeester
no wage indication,secretaris
no wage indication,geoctroieerde
qualitative,dienst
no wage indication,meid
qualitative,dienst
no wage indication,meid
no wage indication,maar
no wage indication,opzichter
no wage indication,eigenaar
no wage indication,directrice
no wage indication,doctor
no wage indication,winkelbediende
no wage indication,directrice
no wage indication,directrice
no wage indication,directrice
no wage indication,kamer
no wage indication,curator
no wage indication,boekhouder
no wage indication,directrice
no wage indication,juffrouw
no wage indication,fabrikant
no wage indication,huiswerk
no wage indication,heer
no wage indication,fabrikant
qualitative,werkmeid
no wage indication,directrice
no wage indication,tandarts
no wage indication,tandarts
no wage indication,agent
no wage indication,zuiveraars
no wage indication,fabrikant
no wage indication,fabrikant
no wage indication,makelaar
no wage indication,grossier
no wage indication,fabrikant
ƒloo,dienstbode
no wage indication,fabrikant
100,boekhandelaar
100,dienstbode
100,dienstbode
100,boekhandelaar
no wage indication,boekhandelaar
100,dienstbode
100,dienstbode
ƒl5o,keukenmeid
ƒl5o,huiswerk
no wage indication,directrice
no wage indication,tandarts
no wage indication,dienst
no wage indication,directrice
no wage indication,directrice
qualitative,agent
qualitative,leiden
qualitative,coiffeur
no wage indication,directrice
no wage indication,knecht
qualitative,compagnon
no wage indication,directrice
no wage indication,makelaar
no wage indication,grossiers
no wage indication,grossiers
no wage indication,kruideniers
no wage indication,directrice
qualitative,burgemeester
qualitative,dienstbode
qualitative,huiswerk
no wage indication,grossiers
no wage indication,kruideniers
no wage indication,grossiers
no wage indication,kruideniers
no wage indication,kruideniers
no wage indication,directrice
100,dienstbode
100,meid
no wage indication,president
no wage indication,directrice
no wage indication,directrice
no wage indication,besteedster
90,werkmeid
100,moeder
100,dienstbode
100,dienst
400,bedlende
qualitative,boekhandelaar
qualitative,dienst
qualitative,werkmeid
0©,opzichter
0©,bediende
no wage indication,wagenknecht
ƒl2,administratie
ƒl2,expeditie
no wage indication,administratie
no wage indication,president
no wage indication,secretaris
no wage indication,boekhandelaar
qualitative,boekhandelaar
qualitative,machinist
qualitative,smid
qualitative,bankwerker
qualitative,keukenmeid
qualitative,keukenmeid
no wage indication,noodhulp
110,dienstbode
110,huiswerk
110,getuige
no wage indication,cargadoor
qualitative,rakker
qualitative,leiden
no wage indication,schipper
no wage indication,prior
no wage indication,directeur
no wage indication,juffrouw
no wage indication,huishoudster
90,huiswerk
qualitative,keukenmeid
qualitative,huiswerk
no wage indication,officier
no wage indication,boekhandelaar
no wage indication,keukenmeid
no wage indication,keukenmeid
100,dienstbode
ƒ125,dagmeisje
ƒ125,huiswerk
ƒ125,dagmeisje
ƒ125,dagmeisje
ƒ125,huiswerk
no wage indication,dienst
no wage indication,bediende
118,onderwijzeres
100,dienst
100,dienst
no wage indication,drost
no wage indication,keukenmeid
no wage indication,werkmeid
qualitative,huiswerk
qualitative,keukenmeid
qualitative,keukenmeid
qualitative,keukenmeid
qualitative,keukenmeid
no wage indication,werkmeid
griffier,geneesheer
griffier,hoofd
griffier,hoofd
griffier,griffier
griffier,geneesheer
griffier,hoofd
griffier,hoofd
griffier,griffier
griffier,geneesheer
griffier,hoofd
griffier,hoofd
griffier,griffier
no wage indication,fabrikanten
100,huiswerk
tien,bediende
no wage indication,dienstbode
no wage indication,directrice
no wage indication,mtn
no wage indication,directrice
qualitative,dienstbode
qualitative,meid
no wage indication,directrice
no wage indication,boekhouder
no wage indication,heer
no wage indication,directrice
qualitative,knecht
qualitative,boekhandelaar
90,huiswerk
90,huiswerk
90,huiswerk
no wage indication,directrice
qualitative,bediende
no wage indication,directrice
no wage indication,directrice
no wage indication,directrice
qualitative,huiswerk
flooikade,directrice
no wage indication,directrice
ƒ,werkmeid
qualitative,meid
no wage indication,directrice
no wage indication,commissaris
no wage indication,vertegenwoordiger
no wage indication,directeur
no wage indication,directrice
no wage indication,directrice
no wage indication,directrice
no wage indication,directrice
no wage indication,aannemer
van10,dienst
van10,dienstbode
van10,huiswerk
no wage indication,directrice
no wage indication,directrice
no wage indication,directrice
no wage indication,directrice
no wage indication,schepen
no wage indication,secretaris
no wage indication,secretaris
no wage indication,kamer
no wage indication,gepensionneerd
no wage indication,militair
qualitative,zomer
qualitative,dienst
no wage indication,president
no wage indication,correspondentie
no wage indication,boekhandelaar
no wage indication,president
no wage indication,secretaris
no wage indication,clown
qualitative,huisbewaarster
qualitative,dienst
no wage indication,president
no wage indication,secretaris
100,boekhandelaar
100,keukenmeid
100,boekhandelaar
no wage indication,werkmeid
100,boekhandelaar
qualitative,knecht
qualitative,knecht
no wage indication,dienstbode
no wage indication,tuinwerk
no wage indication,getuig
no wage indication,boekhandelaar
no wage indication,steendrukkers
no wage indication,notaris
no wage indication,jonkheer
no wage indication,notaris
no wage indication,notaris
100,boekhouder
100,leeraar
100,huiswerk
no wage indication,commissionnair
no wage indication,jonkheer
no wage indication,commissionnair
no wage indication,bouwkunde
no wage indication,boerenarbeider
no wage indication,melker
no wage indication,makelaar
no wage indication,dienst
qualitative,boekhandelaar
qualitative,boekhandelaar
qualitative,boekbandelaar
no wage indication,boekhouden
no wage indication,diamantklover
no wage indication,diamantklover
no wage indication,machinist
no wage indication,bankwerker
no wage indication,boekhandelaar
no wage indication,dienst
no wage indication,huiswerk
no wage indication,dienßt
no wage indication,keukenmeid
no wage indication,huiswerk
no wage indication,vuurwerker
no wage indication,voorwerker
21,curator
qualitative,procuratiehouder
qualitative,vuurwerker
qualitative,vuurwerker
no wage indication,colporteurs
no wage indication,kramer
no wage indication,kleermaker
24458,administratie
24458,secretarie
100,dienstbode
24782,president
24782,secretaris
ƒ3o,werkmeid
qualitative,brouwer
qualitative,procureur
qualitative,jongen
no wage indication,student
100,dienstbode
ƒloo,heer
ƒloo,kamer
ï00,volontair
ï00,keukenmeid
ï00,keukenmeid
ï00,keukenmeid
ï00,keukenmeid
qualitative,meesterknecht
no wage indication,president
no wage indication,secretaris
no wage indication,president
no wage indication,secretaris
qualitative,meesterknecht
qualitative,meesterknecht
no wage indication,correspondent
no wage indication,boekhouden
no wage indication,voorzitter
no wage indication,makelaar
no wage indication,makelaar
qualitative,werkmeid
no wage indication,agent
no wage indication,agent
1,notaris
no wage indication,meid
no wage indication,werkmeid
no wage indication,praktizijn
no wage indication,gemeente
no wage indication,voorzitter
no wage indication,secretaris
no wage indication,gemeente
no wage indication,administratie
1,hoer
no wage indication,notaris
no wage indication,officier
eefeienties,maar
no wage indication,maar
referenties,maar
referenties,maar
qualitative,apotheek
no wage indication,makelaars
no wage indication,dienst
no wage indication,hoofdagenten
no wage indication,administratie
no wage indication,klerk
no wage indication,boekhandelaar
no wage indication,reiziger
100,maar
no wage indication,directeur
no wage indication,gemeente
no wage indication,gemeenten
no wage indication,generaal
no wage indication,hoofd
no wage indication,gemeente
no wage indication,hoofd
no wage indication,gemeente
qualitative,boekhandelaar
no wage indication,gemeente
no wage indication,gemeenten
110,directeur
110,werkmeid
no wage indication,procureur
no wage indication,schoenmaker
no wage indication,winkelier
no wage indication,curator
no wage indication,curator
no wage indication,procureur
no wage indication,winkelier
no wage indication,winkelier
no wage indication,gemeente
no wage indication,gemeenten
no wage indication,president
no wage indication,secretaris
100,huiswerk
no wage indication,keukenmeid
no wage indication,gemeente
no wage indication,gemeenten
no wage indication,gemeente
no wage indication,gemeenten
qualitative,bedlende
no wage indication,gemeente
no wage indication,gemeente
10883,raron
no wage indication,secretaris
qualitative,keukenmeid
qualitative,keukenmeid
qualitative,makelaars
qualitative,kok
qualitative,kok
no wage indication,president
no wage indication,secretaris
ƒl,kapitein
no wage indication,werkmeid
no wage indication,baron
no wage indication,president
no wage indication,secretaris
ƒ,handelsreiziger
ƒ,knecht
ƒ4,huiswerk
no wage indication,agent
no wage indication,turfboer
500,loten
500,loten
500,loten
500,loten
500,loten
qualitative,instituteur
no wage indication,juffrouw
no wage indication,dienst
qualitative,boekhandelaar
no wage indication,keukenmeid
no wage indication,huiswerk
qualitative,dienstbode
qualitative,kindermeisje
ffevraajrd,kindermeisje
200,boekhouder
200,lecraar
no wage indication,makelaar
no wage indication,dienst
no wage indication,gemeente
no wage indication,gemeenten
no wage indication,gemeente
no wage indication,gemeenten
no wage indication,industrieel
no wage indication,gemeente
no wage indication,gemeenten
no wage indication,burgemeester
no wage indication,gemeente
no wage indication,gemeenten
200,dienst
120,keukenmeid
120,werkmeid
no wage indication,juwelier
no wage indication,president
no wage indication,secretaris
no wage indication,makelaar
no wage indication,president
no wage indication,secretaris
qualitative,meid
qualitative,dienstbode
no wage indication,meters
no wage indication,loopjongen
125,keukenmeid
qualitative,boekhandelaar
qualitative,boekhandelaar
125,bediende
125,keukenmeid
100,keukenmeid
100,huswerk
no wage indication,president
no wage indication,secretaris
no wage indication,makelaar
no wage indication,boekhandelaar
no wage indication,correspondent
no wage indication,boekhandelaar
no wage indication,boekhandelaar
no wage indication,boekhandelaar
qualitative,dienst
qualitative,dienstbode
qualitative,boekhandelaar
heeft,meester
no wage indication,gemeente
no wage indication,gemeenten
no wage indication,gemeente
no wage indication,gemeenten
25ö,huiswerk
no wage indication,heer
no wage indication,koopman
no wage indication,secretarie
125,keukenmeid
125,huiswerk
no wage indication,kindermeid
no wage indication,jonkheer
no wage indication,jonkheer
no wage indication,bankier
no wage indication,koopman
ƒ125,keukenmeid
no wage indication,kappersbediende
no wage indication,coiffeur
qualitative,behangersnaaister
no wage indication,gemeente
no wage indication,gemeenten
qualitative,keukenmeid
qualitative,huiswerk
120,bediende
no wage indication,gemeente
no wage indication,gemeenten
no wage indication,president
no wage indication,secretaris
qualitative,boekhouden
no wage indication,gemeente
no wage indication,gemeenten
no wage indication,teller
no wage indication,meter
qualitative,huiswerk
qualitative,keukenmeid
qualitative,keukenmeid
qualitative,huiswerk
no wage indication,secretaris
qualitative,notaris
qualitative,noodhulp
9,pakker
no wage indication,schoonmaakster
no wage indication,boekhandelaar
no wage indication,landbouwer
no wage indication,dienstbode
qualitative,lingeriewerksters
no wage indication,boekhouder
qualitative,boekhandelaar
no wage indication,president
no wage indication,secretaris
no wage indication,president
no wage indication,secretaris
qualitative,industrieel
no wage indication,president
no wage indication,secretaris
no wage indication,knecht
qualitative,chef
qualitative,correspondentie
no wage indication,kapitein
no wage indication,brouwer
no wage indication,letterzetter
qualitative,dienstbode
qualitative,boekhouder
kram0,boekhandelaar
no wage indication,boekhandelaar
no wage indication,boekhandelaar
no wage indication,dienstbode
qualitative,boekhandelaar
tien,bakker
qualitative,baas
no wage indication,makelaars
no wage indication,gemeenten
qualitative,keukenmeid
qualitative,keukenmeid
110,werkmeid
qualitative,kantoorbediende
qualitative,advocaat
qualitative,procureur
qualitative,boekhouden
no wage indication,kamer
no wage indication,plaatsvervanger
no wage indication,knecht
qualitative,zolder
qualitative,boekhandelaar
no wage indication,orkestmeester
qualitative,rijder
qualitative,boekhandelaar
qualitative,boekhandelaar
qualitative,volontair
qualitative,grossier
no wage indication,vertegenwoordigers
no wage indication,gemeenten
no wage indication,inspecteur
no wage indication,president
no wage indication,secretaris
no wage indication,president
no wage indication,secretaris
120,makelaar
no wage indication,werksters
qualitative,kamer
no wage indication,heer
qualitative,leiden
qualitative,zolder
no wage indication,notaris
no wage indication,practizijn
no wage indication,vertegenwoordiger
qualitative,president
no wage indication,wethouder
no wage indication,heester
no wage indication,wethouder
no wage indication,landman
no wage indication,landman
qualitative,dienst
qualitative,fijnstrijkster
no wage indication,predikant
no wage indication,dienst
no wage indication,kantoorbediende
no wage indication,keukenmeid
no wage indication,huswerk
no wage indication,zomer
no wage indication,gemeenten
no wage indication,gemeente
no wage indication,gemeenten
no wage indication,gemeente
no wage indication,gemeenten
qualitative,speelman
no wage indication,compagnon
no wage indication,vader
no wage indication,wethouder
no wage indication,keukenmeid
no wage indication,werkmeid
no wage indication,secretaris
no wage indication,secretaris
100,dienstbode
100,dienstbode
100,meid
qualitative,hulp
qualitative,rentenier
qualitative,militair
qualitative,ambtenaar
qualitative,handelaar
qualitative,correspondentie
qualitative,coupeur
no wage indication,penningmeester
no wage indication,apotheker
no wage indication,heer
ƒ125,boekhandelaar
ƒ125,dienstbode
no wage indication,president
no wage indication,secretaris
qualitative,snijder
qualitative,dienstmeisje
qualitative,onderofficier
no wage indication,president
no wage indication,secretaris
no wage indication,president
4,agent
no wage indication,president
no wage indication,seoretaris
no wage indication,huiswerk
jf,banketbakkerij
13343,districtsschoolopziener
13343,predikant
13343,predikant
13343,directrice
13343,predikant
13343,directrice
no wage indication,president
no wage indication,president
no wage indication,secretaris
no wage indication,leiden
qualitative,dienst
qualitative,keukenmeid
no wage indication,notaris
no wage indication,notaris
no wage indication,administrateur
no wage indication,heer
no wage indication,loten
no wage indication,hooger
no wage indication,hooger
no wage indication,roosjesslijper
honderdtwintig,zolder
honderdtwintig,kelder
no wage indication,heer
no wage indication,keukenmeid
w8,procureur
qualitative,fabrikant
no wage indication,koopman
no wage indication,directeur
no wage indication,voorzitter
no wage indication,directeur
no wage indication,secretaris
no wage indication,koopman
no wage indication,uitgevers
no wage indication,gemeenten
no wage indication,secretaiis
no wage indication,gedeputeerde
no wage indication,gedeputeerde
no wage indication,president
no wage indication,secretaris
no wage indication,waarde
no wage indication,waarde
no wage indication,waarde
no wage indication,waarde
no wage indication,korporaal
no wage indication,heer
no wage indication,rechter
no wage indication,heer
no wage indication,heer
no wage indication,meters
no wage indication,diamantsnijder
no wage indication,gouvernante
no wage indication,juffrouw
no wage indication,secretarie
no wage indication,kamer
100,administratie
100,dienst
afschrift,kamer
no wage indication,kamer
no wage indication,president
no wage indication,secretaris
no wage indication,passagiers
no wage indication,jonkheer
no wage indication,commissionair
no wage indication,betaalmeester
no wage indication,voorzitter
no wage indication,griffier
no wage indication,fabrikanten
no wage indication,diamantsnijder
no wage indication,leerling
no wage indication,president
no wage indication,secretaris
qualitative,machinist
qualitative,draaiers
no wage indication,voorzitter
no wage indication,griffier
qualitative,machinist
qualitative,draaiers
119,meid
119,dienst
11,dienst
ƒ,dienst
qualitative,boekhandelaar
qualitative,min
no wage indication,betaalmeester
no wage indication,voorzitter
no wage indication,griffier
no wage indication,huiswerk
no wage indication,zomer
ƒl4o,kamer
no wage indication,zomer
13©,dienst
12©,dienst
qualitative,magazijnknecht
no wage indication,administratie
no wage indication,president
no wage indication,president
no wage indication,secretaris
2,graaf
20,mantelmaakster
20,loopjongen
no wage indication,monteur
110,keukenmeid
no wage indication,president
no wage indication,secretaris
no wage indication,leiden
no wage indication,leiden
no wage indication,leiden
qualitative,hemdenmaker
franco,boekhandelaar
qualitative,boekhandelaar
qualitative,keukenmeid
qualitative,keukenmeid
no wage indication,president
no wage indication,secretaris
no wage indication,secretaris
qualitative,compagnon
qualitative,advocaat
no wage indication,werkman
no wage indication,president
no wage indication,secretaris
no wage indication,voorzitter
no wage indication,griffier
no wage indication,president
no wage indication,secretaris
griffier,voorzitter
griffier,griffier
2,graaf
griffier,voorzitter
griffier,griffier
no wage indication,cargadoors
no wage indication,gemeenten
no wage indication,secretaris
no wage indication,gemeenten
qualitative,dienst
no wage indication,diamantklover
no wage indication,kapper
no wage indication,president
no wage indication,secretaris
no wage indication,president
no wage indication,secretaris
no wage indication,dienst
no wage indication,dienst
no wage indication,dienst
no wage indication,dienst
qualitative,letterkundig
qualitative,letterkundig
no wage indication,president
no wage indication,secretaris
no wage indication,president
no wage indication,secretaris
no wage indication,president
no wage indication,secretaris
no wage indication,president
no wage indication,secretaris
no wage indication,administratie
no wage indication,president
no wage indication,administratie
no wage indication,keukenmeid
no wage indication,keukenmeid
no wage indication,dienst
no wage indication,administratie
no wage indication,president
no wage indication,secretaris
no wage indication,heer
no wage indication,heer
no wage indication,president
no wage indication,secretaris
no wage indication,president
no wage indication,secretaris
no wage indication,president
no wage indication,secretaris
no wage indication,president
no wage indication,secretaris
no wage indication,president
no wage indication,secretaris
no wage indication,waard
no wage indication,bierbrouwerij
no wage indication,bierbrouwerij
no wage indication,bierbrouwerij
no wage indication,waard
no wage indication,bierbrouwerij
no wage indication,bierbrouwerij
no wage indication,bierbrouwerij
no wage indication,bierbrouwerij
no wage indication,bierbrouwerij
qualitative,tandarts
no wage indication,landman
no wage indication,landman
100,dienstbode
reflecteercnden,fabrikant
ƒ140,moeder
ƒ140,moeder
140,moeder
140,jongen
140,moeder
140,jongen
140,moeder
f,jongen
140,moeder
f,jongen
ƒl4o,moeder
ƒl4o,jongen
ƒl4o,moeder
ƒl4o,jongen
no wage indication,gemeenten
no wage indication,gemeenten
qualitative,pedicure
qualitative,vertegenwoordiger
qualitative,pedicure
qualitative,meid
no wage indication,kamer
no wage indication,kamer
no wage indication,kamer
no wage indication,kamer
no wage indication,gemeenten
griffier,gedeputeerd»
griffier,voorzitter
griffier,griffier
griffier,gedeputeerd»
griffier,voorzitter
griffier,griffier
50,voorzitter
50,griffier
no wage indication,administratie
no wage indication,secretaris
no wage indication,president
no wage indication,secretaris
no wage indication,voorzitter
no wage indication,griffier
no wage indication,heer
no wage indication,heer
no wage indication,heer
no wage indication,procureur
no wage indication,meesterknecht
qualitative,modlste
no wage indication,makelaar
qualitative,dienst
qualitative,kamer
no wage indication,president
no wage indication,secretaris
no wage indication,onderwijzeres
200,boekhandelaar
200,werkmeid
no wage indication,heer
no wage indication,emeritus
no wage indication,predikant
no wage indication,heer
no wage indication,heer
qualitative,distilleerder
no wage indication,compagnon
ƒl5o,huishoudster
ƒl5o,huiswerk
120,officier
no wage indication,keukenmeid
no wage indication,voorzitter
no wage indication,gemeento
no wage indication,maar
qualitative,eigenaar
qualitative,juffrouw
no wage indication,boekhandelaar
no wage indication,president
no wage indication,secretaris
no wage indication,keukenmeid
ƒ,ruiter
ƒ,dienst
ƒ,dienstbode
qualitative,dienst
no wage indication,president
no wage indication,secretaris
qualitative,notaris
qualitative,keukenmeid
qualitative,huiswerk
no wage indication,eigenaar
qualitative,boekhandelaar
15151,architect
no wage indication,reder
no wage indication,meesterknecht
no wage indication,behangers
qualitative,drukker
no wage indication,uitgever
no wage indication,makelaar
roof,maar
no wage indication,heer
no wage indication,particulier
no wage indication,kunsthandelaar
no wage indication,jongens
no wage indication,jongens
120,meid
120,dienst
no wage indication,keukenmeid
22,commissaris
22,kamer
ƒ»»,barbier
1,machinist
no wage indication,tandarts
